{
  "extends": [
    "tslint:recommended"
  ],
  "rules": {
    "object-literal-sort-keys": false,
    "class-name": true,
    "comment-format": [true, "check-space"],
    "indent": [true, "spaces"],
    "no-duplicate-variable": true,
    "no-unused-variable": true,
    "no-console": false,
    "member-access": true,
    "no-eval": true,
    "no-internal-module": true,
    "no-trailing-whitespace": true,
    "no-var-keyword": true,
    "no-namespace": [true, "allow-declarations"],
    "one-line": [true, "check-open-brace", "check-whitespace"],
    "quotemark": [true, "double"],
    "semicolon": false,
    "triple-equals": [true, "allow-null-check"],
    "typedef-whitespace": [true, {
      "call-signature": "nospace",
      "index-signature": "nospace",
      "parameter": "nospace",
      "property-declaration": "nospace",
      "variable-declaration": "nospace"
    }],
    "variable-name": [true, "ban-keywords"],
    "whitespace": [true,
      "check-branch",
      "check-decl",
      "check-operator",
      "check-separator",
      "check-type"
    ],
    "trailing-comma": [
      true,
      {
        "multiline": {
          "objects": "always",
          "arrays": "never",
          "functions": "never",
          "typeLiterals": "ignore"
        },
        "singleline": {
          "objects": "always",
          "arrays": "never",
          "functions": "never",
          "typeLiterals": "ignore"
        }
      }
    ]
  },
  "jsRules": {
    "indent": [true, "spaces"],
    "no-duplicate-variable": true,
    "no-eval": true,
    "no-trailing-whitespace": true,
    "one-line": [true, "check-open-brace", "check-whitespace"],
    "quotemark": [true, "double"],
    "semicolon": false,
    "triple-equals": [true, "allow-null-check"],
    "variable-name": [true, "ban-keywords"],
    "whitespace": [true,
      "check-branch",
      "check-decl",
      "check-operator",
      "check-separator",
      "check-type"
    ]
  }
}
